FAMILLE,PRIX_NET
CAPILLAIRES,4.124884453816505
HYGIENE,2.708819320653271
MAQUILLAGE,6.59547712253753
MULTI FAMILLES,4.533333333333333
PARFUMAGE,13.34556019128366
SANTE NATURELLE,14.95
SOINS DU CORPS,5.4241855916548944
SOINS DU VISAGE,6.977986959435254
SOLAIRES,7.536497622716989
