,FAMILLE,TICKET_ID,counts
0,CAPILLAIRES,34659793.32459795,1.4342098976598407
1,HYGIENE,34821331.00776501,2.1721522635592696
2,MAQUILLAGE,34681706.50456756,1.6548076010941413
3,MULTI FAMILLES,33975853.06896552,1.0344827586206897
4,PARFUMAGE,34779908.687611885,1.2239495798319329
5,SANTE NATURELLE,33072287.0,1.0
6,SOINS DU CORPS,34771370.010559775,1.3418972908343296
7,SOINS DU VISAGE,34693239.66556943,1.5204742249287957
8,SOLAIRES,34525855.064377286,1.2869127091966344
